Feature,Importance
lstat,0.49221636344022
nox,0.2666039086118433
dis,0.22787935059895187
ptratio,0.20323749489630655
b,0.17577314925908177
chas,0.07891663306888777
age,0.04487936223630194
rm,0.0446383828524477
crim,0.032661547379963386
zn,0.01108868782081357
indus,0.001540359206283537
